id,age,salary,department,years_experience,performance_score
1,39,70990.33154879004,Marketing,9,2.314232599543194
2,33,63869.50524369153,Marketing,4,
3,,50894.45554880261,Marketing,11,1.7298321626099602
4,50,402959.48334416386,Sales,3,4.860838554182941
5,32,,Finance,3,2.7127357594686914
6,32,55902.28078132625,Finance,2,3.5280768336897457
7,50,63427.89830041598,Engineering,5,3.9044450373785478
8,42,59527.57702522954,Finance,4,2.467845628028802
9,30,65743.29072979002,Finance,3,1.5889082976420679
10,40,41971.47182659148,Marketing,12,1.8263240648871233
11,30,69760.91098451489,Marketing,8,
12,30,52963.994070386,Engineering,8,3.5442736814089026
13,37,81128.91308937898,HR,11,2.5931221963562177
14,15,39662.18272865648,Engineering,7,1.0272587916005125
15,17,76039.45704747873,Engineering,4,3.0936287402698874
16,29,52968.66175193972,Sales,1,4.6860535676296715
17,24,40228.72994578327,Sales,4,4.248310444034717
18,38,42741.71248918518,Engineering,11,4.300845485038524
19,25,45194.7903770852,Engineering,3,4.180232070424525
20,20,56362.48919602875,Engineering,8,2.2949233024416946
21,49,57842.5323205325,Finance,10,4.060775335017568
22,,41394.49994092131,Sales,7,1.572645431244772
23,35,49634.68111608526,Engineering,8,
24,20,82134.05537917795,Marketing,8,3.5662742667399776
25,29,75913.14755151067,Marketing,8,1.1022791963589387
26,36,56544.85504511048,Finance,,4.151880534363727
27,23,50570.05217252301,Finance,3,4.612992420380522
28,38,51800.46990077392,HR,7,2.0696611138884307
29,28,59202.769590956246,HR,1,4.249562896744603
30,32,34658.111522023915,HR,0,
31,28,46139.35193864982,Finance,6,3.399871433044264
32,53,24971.238891836158,Finance,8,2.9425874613371086
33,,55988.34683907919,Finance,11,3.183694133
34,24,59707.939095541115,Marketing,,4.704820807537381
35,43,42752.20306550939,Finance,10,4.485260988987414
36,22,73609.80144935049,Marketing,,4.140334628959028
37,37,31613.515054964882,HR,7,2.094793830713484
38,15,28034.376796852695,HR,2,4.647274514744367
39,21,53366.77727839958,HR,6,1.390030769855501
40,36,65706.47453918232,Engineering,,4.413316866235151
41,42,75258.91537186803,Engineering,9,2.312640289414431
42,36,43116.7360569659,Sales,3,1.2150892466479335
43,33,66180.21250146943,Sales,8,3.677427936962993
44,31,49422.372957489395,Sales,8,1.9251197132638218
45,20,47410.59050088771,Engineering,8,1.9742845034585277
46,27,63254.89906230009,Engineering,6,
47,30,59784.84317620129,Sales,8,1.254739070010067
48,45,26354.11764523626,Sales,9,1.7085085767930162
49,38,72148.10524588844,Finance,5,1.0205585103422412
50,17,70701.37031221177,Sales,8,2.781638084423147
51,38,40616.55947735706,Finance,6,1.3370215096718852
52,31,55937.05300156114,Marketing,2,3.730610420176796
53,28,57410.45279424108,Engineering,5,1.9424914047665935
54,,53910.10648735861,Sales,2,4.774296576140708
55,45,,Engineering,9,4.48500650959461
56,94,39925.64948092923,Engineering,8,2.157763579872833
57,26,49616.688935128324,Engineering,5,4.132861818626715
58,31,67590.93528889047,Marketing,11,4.212979618659225
59,38,58154.002318916486,HR,7,4.946252456457642
60,44,44440.78501870841,Sales,2,3.39135994738274
61,30,61575.48065972517,HR,5,1.3278629385746488
62,33,7271.8606905488705,HR,11,3.587348915705524
63,23,67231.48550558156,HR,4,3.499918993504141
64,23,23904.293318328506,Engineering,7,3.553402309681727
65,43,44563.38587895302,Finance,9,
66,48,33204.95158060784,Engineering,,4.438718340321332
67,34,30579.777864186413,Engineering,14,4.837888731821648
68,45,67412.4018106778,HR,3,1.8708500519126061
69,38,42984.48198032163,Engineering,3,1.3526086325465778
70,28,55197.55822596073,HR,3,1.7781401326739363
71,38,49296.19131681224,Finance,6,4.282208557022875
72,50,57155.612408346824,Sales,10,3.70657853927939
73,34,51152.32836590383,HR,3,3.5441893693565065
74,50,30755.116637171457,Finance,10,2.607172540437698
75,8,64944.002291707104,Sales,,3.311311886045743
76,43,42593.65125258031,Marketing,3,2.2314965010974697
77,35,26651.271520103735,HR,1,2.908800317671845
78,32,43578.27258551131,HR,2,4.172252113482624
79,35,72511.39685951466,Marketing,5,4.924966389821849
80,15,62753.32613170239,Marketing,6,4.729955694359207
81,32,44770.21798388211,HR,11,4.735463771384995
82,38,44761.13443522357,Marketing,9,2.6088949393884495
83,49,45175.47423173926,Engineering,4,2.8751595220271637
84,29,81151.21975341262,Sales,8,3.822541585475926
85,26,55729.0317834733,Sales,11,4.688767712205137
86,29,56450.624707866045,Sales,12,1.5679770374083386
87,44,65454.25181047763,Engineering,6,2.216967455308783
88,38,53581.8373853977,Marketing,9,1.556987378376438
89,29,46114.36781268945,Finance,11,3.4480341198378213
90,40,47054.75226372533,Marketing,2,2.22520398755015
91,35,48925.98110878904,HR,5,2.304431410050294
92,44,49441.66645235238,Sales,13,1.283663837951917
93,27,60914.4431545547,Marketing,6,2.3991842472303677
94,31,50779.18828710949,Finance,-1,
95,31,60989.60115823369,HR,6,1.9322912475633398
96,20,48789.251298371266,Engineering,10,3.7807498648402627
97,37,,Engineering,7,3.5185133797543706
98,37,20026.989732018385,Finance,,
99,35,63744.91512053722,HR,9,1.529151790604153
100,32,55197.32713846989,Sales,5,4.910359841380172
101,20,64970.15164789478,Marketing,5,3.3305145841614623
102,30,6556.1693270946635,HR,7,4.981896609387258
103,31,81325.62057171091,Engineering,7,4.646058903463404
104,26,47906.15557767239,Finance,7,1.8860690884524232
105,33,66622.74225106275,Finance,7,1.2246480396132524
106,39,34401.411093117036,Marketing,4,2.022556375181446
107,53,59191.608575938546,Finance,9,3.1102545959976795
108,36,34198.76655239516,Finance,8,1.68638546826076
109,37,40643.465589562926,HR,2,1.669838978071954
110,34,78710.4703080018,Sales,5,2.8503741884206124
111,15,47139.7639885498,Marketing,7,
112,34,53261.49309769584,HR,5,1.4875523301290818
113,35,63051.015960331315,Sales,8,2.6634453576317902
114,59,57435.22831958907,HR,6,1.2525196368318658
115,33,52256.28357715365,HR,7,2.5870202258221173
116,38,55474.41503699338,Finance,5,2.8960250637937803
117,34,86051.23377857413,Sales,1,2.8050664562924577
118,23,49135.71804449622,Marketing,0,4.476699429612349
119,46,53016.485700724515,Marketing,8,3.1202498202069298
120,42,65759.81594011417,Sales,7,2.8719218499121735
121,42,66582.88899436976,Finance,8,2.642836981566665
122,25,67805.4545834057,Engineering,7,4.270493513217945
123,49,59580.95333043777,HR,7,4.5802264159993324
124,20,,Finance,9,4.41296987678847
125,40,74501.47298451644,Sales,8,3.6941863125255634
126,56,32804.81910471968,HR,10,1.549446983874697
127,25,54539.531978585495,Marketing,7,2.107479877968049
128,,38685.86224970963,Engineering,6,1.1842522547279097
129,35,49037.92480110511,Marketing,7,4.723296299960456
130,29,54931.436154552204,Sales,4,3.6431941187636414
131,19,54820.35823175409,HR,5,3.985451537252966
132,35,56328.81131352927,Sales,7,2.246286958328916
133,24,74205.6690358797,HR,7,4.382614089109369
134,39,56803.014522709695,Finance,6,2.038413134833914
135,25,,Engineering,2,1.0065750284497987
136,50,64461.307524325355,Finance,8,2.505659850082776
137,27,67842.05733386961,Finance,9,3.2830459238362937
138,31,31585.88277294511,Sales,11,2.91481943186209
139,43,589610.0104774787,Engineering,8,4.448304570306388
140,22,60517.591134663475,HR,,1.4216211438246678
141,37,45536.54744960012,HR,3,3.2152937625349023
142,48,,Marketing,11,3.0519173992836297
143,18,47749.1661945121,HR,7,2.125571928688652
144,36,51883.64680207313,Sales,7,4.288912450308042
145,87,47403.922635741954,Finance,6,4.011394623528825
146,42,50233.685713722014,Finance,6,3.931436749327324
147,22,33555.87369657197,Finance,9,4.504769913078224
148,21,28399.236761085584,Engineering,3,3.8911384024860847
149,40,73917.57594837458,HR,11,1.9273651668589058
150,37,37295.57977522508,Sales,11,3.8222508465987644
151,37,,Engineering,5,2.2308112535593754
152,38,17699.148295944276,Marketing,4,1.9686986013898822
153,78,40415.57378465746,Sales,0,1.2920143715985093
154,37,30153.653098887524,Sales,3,3.976114321390707
155,37,74630.22740204554,Sales,9,3.844003847799245
156,27,65147.25634013952,Finance,7,1.937997910696375
157,53,,Sales,8,3.997516066896624
158,39,83786.53708016463,HR,1,4.671363532374212
159,23,64726.48230487391,Sales,5,1.432115829966317
160,41,45127.529247370665,Finance,11,1.9305465535470998
161,25,12508.914276896401,Sales,6,4.0010431763492615
162,42,84364.13858886113,Marketing,3,2.098026694028313
163,46,29156.41299854606,Marketing,6,3.498655897134867
164,26,25319.01879564662,Finance,4,1.324656897854858
165,44,65338.5564801446,HR,8,2.808809916414155
166,39,86596.28609508909,HR,7,3.9563656879718123
167,43,70764.09227765776,Engineering,8,3.74605577217301
168,53,584586.368007854,Finance,3,4.260288402703227
169,32,58921.315124979286,Sales,5,4.509808506412675
170,,62801.23338170462,Finance,10,4.092734005035033
171,26,61383.92884680148,Engineering,2,3.686350971755704
172,26,54217.87135954064,Finance,3,1.1268899672641246
173,34,51563.01655927814,Finance,7,3.139866693637776
174,38,49061.103081507164,Engineering,7,1.1507908996594112
175,37,38690.531166999855,HR,5,4.232271268464091
176,43,45789.87384699839,Sales,6,2.2828980978398303
177,35,24605.647787069218,Engineering,8,
178,49,48524.90559807875,Marketing,9,2.1177812292756104
179,32,35171.133392736236,HR,3,4.130000577521175
180,62,33446.160241763435,Marketing,8,4.546010106567611
181,41,52698.41226730218,HR,11,2.594569976852256
182,26,70880.034295169,Sales,,4.4516895740439555
183,24,63774.7490900347,Sales,3,2.0683000298253296
184,39,26442.490945652346,Finance,3,3.1386436923020953
185,32,35155.57795144494,Marketing,6,4.435045719354816
186,42,64111.567819823234,HR,10,2.3035253704631615
187,39,35262.68909692536,Sales,6,4.816169060312343
188,34,46630.50275004463,Engineering,7,1.4875180071255345
189,26,58250.78148536828,Sales,4,1.073100278894025
190,,35474.83317704547,Engineering,,4.616541410312763
191,30,51580.6325921894,HR,3,1.274594664591489
192,43,29989.617576226934,Sales,5,4.967556783789966
193,37,40979.48534073179,Sales,,4.805587447916425
194,22,54796.72901213806,HR,0,1.5480836401452827
195,36,26105.09399702496,Sales,7,3.1503385027702633
196,38,56607.121069405985,Engineering,3,1.7396811898685773
197,26,49705.433016099785,Sales,7,2.7126206921204794
198,36,58287.34931625721,Marketing,5,1.2457005170393307
199,35,53358.712010969924,Finance,13,1.895698351186358
200,23,70462.10644960766,Engineering,5,2.453091185595598
201,38,51878.36753971861,Marketing,12,2.7545900009842192
202,40,43558.91688312121,HR,8,4.909985032835573
203,45,51834.46254548425,Engineering,4,
204,45,58149.470435545816,Finance,7,3.9496397772477847
205,21,50732.901054885566,Finance,6,3.148165258967897
206,25,,HR,7,4.359991042417374
207,40,,HR,4,2.3572913426228443
208,40,40056.48623673578,Engineering,12,3.8355964510932643
209,40,28960.920923004596,Sales,9,
210,73,76243.65114780409,HR,7,2.258515635740795
211,40,31342.051469130725,Sales,12,3.6960701395358693
212,46,39606.42203306139,Marketing,7,4.377259456609529
213,,39223.89101646204,Finance,10,
214,41,63423.86565416662,Sales,7,
215,31,45575.75482561958,Finance,8,2.134431693668545
216,42,68716.131090106,Sales,6,2.305128606275786
217,27,39897.640636341974,Marketing,7,1.0830321284958568
218,32,541849.1243335702,HR,7,4.043543910686038
219,30,37469.794201103636,Marketing,4,1.1709584242478055
220,35,82177.23691660083,HR,5,4.458609418410983
221,58,32186.02371455731,HR,6,1.4746424578981552
222,16,54647.31065340541,Finance,7,1.687506048543697
223,41,59506.65321398148,Marketing,6,2.9061058833289493
224,68,56206.986461772474,Sales,10,3.9515216606749695
225,30,47220.68511683438,Marketing,9,1.5560088207963108
226,45,48052.689503998605,Finance,6,2.760284300265994
227,35,50657.17207968664,HR,11,2.931405097640419
228,24,47794.96997557267,Finance,12,1.8491425666743653
229,27,64458.18675192365,Engineering,0,1.462233506722527
230,41,83157.84502387026,Engineering,9,4.345683691942558
231,27,41637.623224882496,Sales,4,3.009862599051062
232,37,29452.955306313834,Finance,9,1.057524943936612
233,35,48675.76927473118,Sales,10,4.211925205236415
234,28,88695.64006481477,Sales,4,4.923175221658339
235,56,37944.88148045404,Engineering,1,3.423704781656989
236,41,74586.75208166102,Sales,,3.014833548336283
237,14,,Engineering,7,
238,36,41696.176374380084,HR,1,4.810067158738395
239,28,58534.74618777913,Finance,14,4.018147663609842
240,43,74425.94934692807,Sales,8,2.7818117189371514
241,27,44313.08388518769,Engineering,9,3.368885597325762
242,33,46946.29459846457,Marketing,11,
243,40,,Sales,5,1.7770942840072057
244,43,34778.649039607,HR,7,2.788804128865752
245,22,40260.83682400989,HR,3,4.31928505886914
246,31,31640.895998566153,Marketing,5,3.618901393993772
247,,50511.25202388839,Engineering,8,
248,28,38450.40153412038,Sales,2,3.6534501360587255
249,52,53506.788676861215,Engineering,5,1.4728896482898395
250,39,26661.56530694559,HR,4,2.6059904422595053
251,22,,Engineering,7,4.1725141518522255
252,44,62502.93442413387,HR,8,1.882035148546592
253,56,20093.96536142817,Engineering,9,1.7438460302296708
254,45,55610.848547713584,Marketing,9,4.803274639665726
255,19,68415.03488709938,Finance,11,1.8395905183449228
256,30,31855.38471963192,Marketing,8,2.0436743186006723
257,47,75088.58580256555,Marketing,12,4.878463755617352
258,27,56285.285140490676,Finance,7,3.9388342810601027
259,39,39424.82216362387,Finance,6,3.798386132094113
260,42,49163.46383513441,Sales,8,4.411705535418325
261,25,58374.903687825834,Sales,6,1.463292328947177
262,,51140.080871186176,Marketing,12,3.8238249463200287
263,2,58081.33988669554,Marketing,10,3.0147544373129556
264,24,36189.89610380951,HR,9,4.316602561136559
265,32,52540.41236054117,HR,7,3.0325668746607772
266,22,28794.282546425296,Sales,5,3.4809654170756485
267,51,48331.60907976949,Sales,9,2.910968505598144
268,20,36441.38537802815,HR,3,2.9126356942233764
269,30,38967.050861153504,HR,11,4.071879912247326
270,36,68541.39762815656,Engineering,6,3.514265602589133
271,49,66369.65180891403,Engineering,7,3.5330528064376416
272,20,59137.071813607654,HR,,2.801129935326103
273,46,33615.308529911315,Engineering,9,3.1244379853501103
274,35,,Finance,5,3.982870664819149
275,25,68196.46549968775,Sales,8,4.303763676447673
276,39,52125.753704598574,Sales,9,3.7862456085761846
277,36,84789.94309972541,HR,5,4.6962919553827325
278,28,55899.76759091558,Marketing,3,4.281296352588804
279,35,52880.73674735047,HR,11,3.247455159238074
280,31,45363.25303696248,Engineering,6,3.6856242905749474
281,36,52003.11357173423,Marketing,7,4.7052331076847835
282,41,47712.952454291844,Engineering,8,3.4766721769722335
283,50,60621.630150328856,Finance,3,4.299227791919323
284,22,64350.53475191876,Engineering,8,3.7552420143599483
285,56,38210.158092380756,Finance,7,3.207745444241866
286,15,30031.50569663333,Finance,5,1.9673527816614125
287,,22456.919403450553,Engineering,3,2.7039900778737125
288,,57619.86990368816,Engineering,8,4.870971299334863
289,37,33449.50090739189,Finance,10,3.6310615330904
290,28,17706.64110571276,Marketing,7,3.2575815213559585
291,32,55828.67906796446,Finance,2,4.731826502112909
292,30,87394.99276149186,Sales,3,3.346047124149795
293,29,49908.9363269016,Finance,5,3.104330073669612
294,43,62577.36161677463,Marketing,11,4.037243420600821
295,38,51227.440378213476,Sales,6,3.850662475946178
296,28,48516.65520213286,HR,5,1.772640033633731
297,43,63786.14724481653,HR,1,2.8852330982964847
298,,45645.88183717023,Marketing,5,2.890061771278341
299,43,54010.88471107854,Finance,3,2.512898060973379
300,41,54825.467092940205,Engineering,3,3.0691739286090125
301,26,39978.64319535427,Marketing,7,2.652429590908577
302,29,64880.635243047844,Sales,5,1.7973819578847325
303,42,47375.60364956887,Sales,12,2.6494659490987242
304,41,38663.82260760733,HR,10,
305,34,58047.64765355605,Sales,5,3.3031434510976463
306,36,36522.98027313444,Marketing,4,4.414618195764447
307,47,50422.717360536924,Sales,11,3.901148337418221
308,29,49863.21505033695,Marketing,11,2.441576160216445
309,40,,Engineering,0,
310,32,57120.47349319929,HR,7,1.808597596901083
311,32,49624.595618822845,Sales,6,3.1819613619793428
312,45,62266.494488004304,Marketing,,1.8282283335321314
313,43,70853.1132352597,Finance,12,3.17589244513987
314,43,58367.154595277934,HR,5,
315,48,50155.28929765071,Engineering,0,4.395695477904291
316,35,30322.456514747606,Marketing,8,2.589085891361839
317,41,,Engineering,11,1.9822025037779643
318,31,45421.629434679984,Engineering,6,4.249304720988246
319,38,40857.31696761075,Sales,,2.371355859221803
320,33,47195.43045521831,Sales,5,1.4459507513551277
321,35,50849.74887345661,Marketing,9,3.2816379656145664
322,40,57945.391315350964,Finance,5,3.326256817751955
323,26,48942.518329113635,Marketing,7,3.8587827009429367
324,55,57297.52465739303,Finance,7,1.9608777328335423
325,24,50967.1162221518,Engineering,6,2.7750853563689803
326,22,20368.00150469193,HR,9,2.129471676170625
327,46,35909.96909271869,Marketing,5,1.3238149444627525
328,42,47838.686664175766,Marketing,5,4.5064553080635665
329,41,31854.578857383385,Finance,9,3.9154792179533646
330,41,58998.93094994307,Engineering,4,2.205852237835203
331,34,72961.26248515546,Engineering,4,3.3974919714879452
332,26,68281.42777545974,Finance,3,1.8050551525378897
333,35,46798.35693604688,Engineering,,4.560946487183084
334,28,72360.89205274929,Sales,6,1.4596253734476412
335,44,52230.01185803167,HR,3,1.0153485820312036
336,33,44943.71043322941,Marketing,9,3.0080327909567286
337,26,40798.960046885906,HR,5,
338,,45462.95470267808,Marketing,4,3.3158612811832175
339,,44177.34772188157,Sales,6,1.2180477097513052
340,29,52556.243335632316,Engineering,11,2.25617522767373
341,26,52408.60971574797,Finance,5,2.9967957873653273
342,37,50045.69030230122,Sales,8,1.8663167425089635
343,37,56554.072546195246,HR,,4.4905035419435855
344,29,67859.69412179512,Finance,8,1.3484371578457361
345,30,64243.312031619855,Engineering,10,2.9495377666881715
346,37,27726.53047325145,Sales,4,3.765664230052608
347,20,11691.182976470678,Finance,3,2.0470044005379298
348,20,64014.79866858911,Sales,3,3.4969629479900726
349,27,29496.819523768685,Sales,6,4.317540600569498
350,32,46628.518971609745,Engineering,4,1.7613479003801902
351,38,32448.304609109608,Marketing,7,4.668882367299451
352,49,22970.293436299704,Finance,7,3.214234130649432
353,43,58121.94092307182,Engineering,10,2.1969280172042422
354,33,61387.327404539705,Sales,7,2.723433101529083
355,34,41352.34398909921,Engineering,5,2.248767535145552
356,24,11134.365617826348,Marketing,8,3.9004446397332644
357,34,41806.33327621276,Finance,3,4.185202653660529
358,32,55877.060081038195,Marketing,6,4.331749569274644
359,38,27816.32646838807,HR,7,4.943072998342965
360,26,52750.39879668733,Finance,7,
361,40,49770.35226240507,Marketing,8,3.4055362827542535
362,50,58689.37249401632,Sales,5,2.356881193567135
363,33,51793.705526212296,Finance,10,3.1783817948429975
364,39,35403.96588677667,Finance,12,1.1642726911616217
365,41,67948.57252496737,Engineering,2,3.9793003021196522
366,30,47622.05640459545,Sales,3,2.783822180368407
367,37,,HR,7,1.0800929189287505
368,35,36000.98061390206,Marketing,6,1.2500277660416432
369,35,43350.766232127346,Engineering,12,2.5498658552870266
370,27,367279.59289596486,Marketing,7,3.3336860760737403
371,35,47405.809101148654,HR,,
372,39,75675.62720213515,HR,0,3.4768172691686194
373,49,29421.482856029656,Finance,9,2.921177035165423
374,44,25796.579031848883,HR,4,3.646815381925387
375,,72067.55491240413,Marketing,4,1.8765042586832035
376,27,46860.14484272201,Sales,6,1.4513727487344856
377,43,39963.908920101254,Sales,2,3.38573581850264
378,36,65598.57031094114,Finance,8,2.93875806774523
379,56,40915.766903947035,Marketing,7,1.1074706161797412
380,,77390.14570320403,Marketing,7,2.5219275419721434
381,26,60168.88807008904,HR,9,1.424502341963982
382,,42681.32887781446,Marketing,11,3.125427327010781
383,13,82359.62319898256,Engineering,5,2.583110718641723
384,29,40914.27615494993,HR,8,3.4526076444120717
385,,61131.430580139604,Engineering,7,4.222408875080953
386,36,54489.38870609738,Finance,8,2.1986747353659633
387,38,69526.11934098197,Sales,8,4.84840841666011
388,53,73422.66795090279,Finance,11,3.142538002350298
389,44,50480.0622359865,Sales,5,3.473163195019152
390,29,38698.73194480725,Finance,2,3.722689492902948
391,26,56899.582144086744,Marketing,4,3.666926119430359
392,39,39834.26945371841,Engineering,9,3.0438829721802483
393,21,80200.80871289935,Sales,7,2.715057164458734
394,53,52048.02996624106,HR,5,1.2151278567095116
395,46,44520.17673031837,Engineering,3,1.088343381204719
396,30,52770.204587973625,HR,7,2.4318447781310586
397,17,,Engineering,8,2.3346435625347706
398,48,35425.789422340225,Engineering,7,2.550780619356027
399,33,68006.20861916638,Finance,6,1.55347280355276
400,,40146.58581542906,Sales,7,3.9526730821473746
401,19,34296.3352597709,Sales,7,4.427857659104956
402,29,58049.79128790929,Engineering,7,4.75485854149614
403,35,67785.56231994496,Marketing,3,2.9694492140785034
404,35,60784.299659976,Marketing,7,3.8034627965017145
405,30,64940.715287087245,HR,5,4.4222044937434895
406,41,38648.073671458085,HR,10,2.6731644443739437
407,24,28672.839998872343,Finance,7,2.2376511794817775
408,33,72520.0047793323,Engineering,9,4.746898223413961
409,36,45159.802417367966,HR,6,3.0627062043082924
410,40,,HR,6,2.989015546363512
411,42,69922.91212773586,Engineering,11,1.713664386253983
412,23,58343.4501410099,Finance,8,1.432620058293427
413,19,56838.31658122411,HR,4,4.368427449934046
414,47,82475.03517351625,Finance,9,3.4565327047500722
415,38,40347.22654429785,Sales,5,2.3032983360777948
416,27,,Finance,7,1.766944869561066
417,,50855.19687345627,Marketing,12,3.2219891206785256
418,36,54028.88418294885,Marketing,2,3.3356771570445414
419,96,72927.02639618798,Finance,6,1.8279744049802327
420,35,57617.53634434436,Marketing,8,4.405622991565895
421,55,58074.441185744494,Sales,9,1.3370574646234044
422,52,66087.61005964704,Engineering,3,
423,32,44525.70905685672,Marketing,2,3.7215376550500885
424,44,37411.85498991491,Marketing,,2.0964814552768027
425,41,34327.862089684495,Finance,4,4.310700779125087
426,48,20504.65115935997,Sales,4,3.959471306401614
427,25,80843.10694910484,Engineering,11,4.156091378192537
428,41,33451.87451417475,Finance,7,1.476426143506865
429,45,46681.19564621342,Finance,7,1.5621885119821717
430,17,45847.80050166619,Sales,6,2.1458949509783345
431,23,54611.10046713651,Engineering,3,3.0723086607902443
432,14,62236.05818808945,Sales,9,3.9920643067976096
433,32,629071.0232539618,Engineering,8,4.346123563043614
434,42,41253.83842146592,Sales,7,3.817341263828722
435,50,47493.174293203825,Finance,6,4.714387526122554
436,35,54238.69925732449,Finance,6,3.954974038463721
437,51,46269.633107246795,HR,9,2.225071548018459
438,21,74110.18364029989,Marketing,6,2.0603251373542903
439,17,573646.2427457377,Sales,6,3.7847698012043596
440,34,61023.16679074726,HR,8,1.771482274758457
441,38,59943.21903001119,Marketing,7,1.3708592432410796
442,34,,Sales,11,3.1288914994247756
443,14,52715.3233805556,Engineering,1,4.286566279115821
444,34,30547.5207806623,Marketing,7,1.4055193698794541
445,21,55995.31927628962,Finance,4,4.167565295182917
446,41,40229.64659312257,HR,4,4.246288017406192
447,38,42070.74977375365,Marketing,5,2.929096000326174
448,25,58795.4602813264,Marketing,7,1.2292412400419472
449,29,68574.24607150453,Finance,7,1.6983594049887456
450,24,503190.7365104093,Sales,,3.8297051006477294
451,34,,Engineering,5,3.847111779963798
452,44,75533.22416952858,Finance,,4.593421100670661
453,25,53611.297692328524,Engineering,4,3.3307445862183314
454,40,89025.24671270592,Sales,3,1.4964294708551096
455,29,58482.64468447316,Marketing,0,1.4856596220198885
456,27,23588.558612662735,Engineering,5,3.8845294294272947
457,33,61300.12431656799,HR,3,1.7351386604316046
458,24,,HR,4,2.3135419984664214
459,29,69346.29131124119,Finance,6,2.9488480276876556
460,23,60097.72026904937,Sales,5,
461,54,47923.16024024339,Finance,3,1.9952761080797274
462,35,31635.526455659514,Finance,,2.6315584340291203
463,28,46864.65114070962,Finance,7,2.118545273972825
464,37,37242.1931868605,HR,9,1.5454813098702633
465,33,41292.14825292916,HR,5,3.9120490311847895
466,32,58828.67606630914,Finance,6,4.25259062067194
467,41,75048.56756527109,HR,7,2.0299159045748993
468,42,55920.07294734471,Sales,11,4.097677978425214
469,29,32061.754069472234,Finance,2,2.5422142576052553
470,29,56669.040023302114,HR,5,3.026743163416011
471,32,67949.47229968477,Engineering,1,4.424004299572611
472,11,40853.25643520927,Finance,8,3.9998147272096314
473,19,47989.742499906235,Finance,6,4.220467405264711
474,48,50220.32292093796,Sales,7,1.5473806663454273
475,51,38226.5253037664,Marketing,7,1.278877703334918
476,32,59724.20650765789,Marketing,9,4.573618916351949
477,40,48185.77777088327,Sales,8,2.5513370782843774
478,38,56292.98665860542,Sales,9,2.1515187122787234
479,65,36687.6173329685,Sales,3,3.898785017047298
480,46,43438.125495148844,Marketing,10,4.345662386319427
481,33,60835.72036741657,Sales,4,4.449958487593204
482,25,44407.502718623495,HR,5,2.2639885645009095
483,18,75904.45776850107,Finance,7,4.408849564806696
484,37,44005.45721578097,Finance,7,1.1637357774973816
485,27,53370.27088627829,Engineering,3,1.1986459658388755
486,20,63988.86247809635,Engineering,6,3.4940767806966178
487,28,28724.514006004523,Finance,11,1.252425476462185
488,24,23587.86782028836,HR,2,2.298436674040646
489,51,27115.15528144858,Marketing,11,3.691023944987696
490,43,68938.76155140773,Marketing,6,2.3490675842169053
491,34,41722.127811613296,HR,0,1.7183991257603837
492,49,88372.98928502378,Marketing,2,2.1254024874153665
493,35,41536.286020139174,Sales,4,2.830301329001727
494,26,,Finance,5,2.9015434214219296
495,50,73131.64928851814,Finance,6,4.132000925388808
496,40,80091.39332238684,HR,-1,4.00061291772605
497,24,80922.55364954597,Marketing,7,2.8272712182245407
498,33,68125.49345889714,Engineering,3,4.382669396395086
499,,65360.93788717194,Engineering,11,1.4569485543655833
500,21,58887.90423801775,Marketing,6,2.021413400915606
501,44,61675.41614249957,Engineering,9,4.311905854009006
502,54,41732.214255072,HR,10,2.5119761545046124
503,21,37727.016748665395,HR,10,4.924726235175369
504,40,49949.38313883572,Marketing,5,2.8650131261113416
505,28,47447.23066212607,Engineering,5,4.167742491855057
506,30,43201.579260090875,HR,6,2.6092281655294878
507,,60445.81171185073,HR,8,2.6998140762497216
508,26,64329.57812855766,Sales,,2.531532589136734
509,35,51326.10329437771,Sales,6,3.876302482043247
510,26,72162.95121582893,HR,7,3.190071536239978
511,37,32874.66328799742,Marketing,4,4.775112445473477
512,,47095.10811080423,Finance,4,2.003561266136419
513,32,39247.66519095792,Finance,6,1.4022509283337774
514,25,22001.9507439041,HR,6,2.573045940396861
515,29,48759.78971235951,HR,8,3.466850830587104
516,,48173.78737425074,HR,9,4.44319574766198
517,40,72701.74614863197,Marketing,3,2.3847875467213107
518,25,59462.17526832166,Sales,4,3.6151470044978464
519,35,34637.19763506192,HR,4,2.400794724092876
520,42,77811.38849501283,HR,11,3.4688783319778325
521,18,68315.5054328803,Engineering,6,4.539231788122604
522,40,58731.465552029236,Marketing,7,1.925430569037636
523,28,46602.738517252525,HR,7,2.6169665684281567
524,40,,Engineering,4,4.973060785718986
525,27,44416.8983589342,Finance,11,4.474228112997843
526,16,66331.22929556279,HR,8,3.258559431584808
527,18,78268.79458901913,HR,7,3.0665103674171013
528,35,73148.65292408284,Engineering,3,2.138401529218724
529,,42667.258673205884,Marketing,3,3.0688377107741176
530,25,33205.73850066483,HR,6,4.392725993119789
531,41,52113.29370366806,Finance,4,3.7406980531111222
532,18,23473.409516557225,HR,3,
533,34,54847.515712771725,Finance,5,1.8058556842141318
534,22,47785.96120551997,Sales,6,2.0608341479873165
535,,43009.452471976365,Sales,7,1.679036805571306
536,35,26079.453990998067,Finance,5,1.3825627840948638
537,26,57704.00159854575,Marketing,3,2.67654469776822
538,31,42009.487405071326,HR,4,1.4531984175930708
539,45,,HR,10,1.6876502309084174
540,29,6916.066800775261,Sales,3,3.1892987373579444
541,43,49587.27642424046,Finance,8,1.6583970947982989
542,23,76583.77395004616,HR,8,1.2555190697236114
543,,74918.88821821805,HR,6,2.2695554001115408
544,49,43143.55615120592,Marketing,12,1.88127639448787
545,10,40966.81909457329,Engineering,8,3.061220751977507
546,27,57031.613841125356,Sales,12,1.4094683383328372
547,40,35024.21841217563,Sales,5,4.007083150731912
548,32,54526.87849729199,Engineering,5,4.624934077740555
549,38,61491.204175770356,HR,8,3.9737406958247776
550,28,68403.99835826461,Marketing,6,3.131308149605577
551,35,48497.68885280071,Marketing,12,4.442671287155541
552,33,46944.893747345515,Sales,8,3.77967351912603
553,46,36830.261198651584,Marketing,3,1.0422044898007594
554,37,37596.7946894021,Engineering,1,2.5763606110980124
555,38,46602.8166214771,HR,6,4.4038075976272
556,30,55510.48260224267,Engineering,6,2.383435431901077
557,30,,Finance,7,1.140860694102094
558,30,37952.31573979482,Sales,10,3.9847185542090893
559,38,72390.32853439283,Marketing,10,4.208153081131474
560,30,45933.14598436147,Finance,5,1.6423747801732342
561,37,49679.490584773455,Marketing,3,3.1493619873727248
562,55,38791.82481278265,HR,3,1.767821755982903
563,,13636.396095905875,HR,4,3.876937676176587
564,31,63260.68094541575,HR,5,2.0862018207099426
565,47,61052.6584563865,Marketing,,2.2648604902533203
566,30,45780.0866432268,Finance,4,4.379883414560405
567,14,51004.86075837308,HR,7,2.9052894088276173
568,24,57739.08826556149,Finance,8,3.6790178048729913
569,16,,Marketing,7,2.6094922028898706
570,31,42064.209839805575,Finance,3,2.1920274287750217
571,35,61913.970194327405,Marketing,8,3.5019122416986455
572,51,31185.658652461258,Marketing,13,1.6194302963152851
573,38,54403.368982499436,Sales,7,2.491999342267452
574,32,29651.272930648924,Marketing,-1,1.836148149543689
575,43,56996.449736502895,Marketing,10,3.783179867762982
576,12,49465.37776553775,Engineering,4,4.77683535338443
577,37,25773.022761417356,HR,13,4.982043872063466
578,42,67471.09031685758,Sales,7,2.801107241766363
579,20,38981.12634802926,Sales,1,
580,46,37846.213444784284,Sales,0,2.7713174815372965
581,38,53008.53795846414,Engineering,11,
582,30,672295.6024143074,Marketing,10,1.8240227142081595
583,41,34762.67271532405,HR,13,4.808382606611695
584,57,50925.197747719576,Finance,7,2.367463075192604
585,36,56432.24750495859,Marketing,6,4.943214637801219
586,37,60396.584108947165,Engineering,5,4.3544355501358485
587,30,52646.62332915838,Marketing,5,4.234282136589561
588,26,44494.58241375016,Marketing,5,2.2716186950931343
589,,37586.146690269205,Engineering,7,1.0351088477917179
590,26,51292.158245695624,Sales,4,2.5285316353039513
591,35,33917.9148202159,Sales,1,2.2072374786507747
592,30,,HR,7,1.1495879616351892
593,39,56548.39706236502,HR,4,3.0214610260237187
594,38,63559.02261629293,Sales,-2,2.6121252451309465
595,45,14556.01346687242,Finance,8,3.538225870966099
596,29,34854.03942935094,Marketing,3,3.484745288776333
597,32,59287.31391507797,Finance,8,1.4829865435867204
598,25,80862.43204567548,Marketing,,
599,30,50311.905615131116,Sales,7,1.7477257177657877
600,38,39079.955881562986,HR,14,2.7810960990588183
601,42,47256.553383427396,HR,6,2.9524701737349397
602,25,70623.14628722277,Finance,6,4.25225118885648
603,43,40310.53731313197,HR,9,1.396918384378587
604,48,38012.119900246194,Sales,6,2.714577116834127
605,39,42758.847167269516,Finance,10,3.5140086809448157
606,53,35700.07087611932,Marketing,3,1.8606224864962222
607,27,51840.054739921936,HR,3,3.509871595064291
608,22,74370.17687704341,Engineering,9,4.694659350198611
609,17,54846.18909674043,HR,3,4.990072524690699
610,49,46214.69746810569,Marketing,,1.1298043071627029
611,,45622.83096626684,Finance,8,1.94235291297871
612,34,26552.137869550144,Marketing,4,2.24122846316679
613,37,63246.646657207384,Engineering,8,
614,23,48832.44204480797,Sales,3,1.9690286303390696
615,59,47292.80129614061,HR,4,1.81395197822125
616,,97896.61351767291,Finance,6,4.81821537
617,36,54481.2936254853,Sales,7,4.6740864110820715
618,42,38723.134248572234,Marketing,6,1.1879700040124699
619,39,,Finance,8,2.3552520864193927
620,,67226.68563795132,Sales,8,2.6205942147136265
621,27,51699.056158066465,Finance,11,1.9560581386637734
622,39,28425.830325239498,Engineering,6,
623,53,63788.43401862805,Engineering,10,3.561522986576964
624,48,39977.83871691509,HR,9,4.402016913314388
625,50,78099.46664326318,HR,13,3.9634770735408713
626,29,66200.72098571973,Engineering,6,3.1702933078638225
627,25,,Finance,5,3.6143470801776796
628,33,69215.2454260267,Engineering,10,2.0959551261720724
629,35,51017.83265791105,HR,8,3.3722247598694306
630,45,62791.605126833296,Engineering,10,2.956909018999677
631,18,,Engineering,9,1.5333778692654816
632,50,37304.6501751369,Finance,0,1.970177106331883
633,33,40346.75251523807,Sales,8,2.166773802886344
634,30,65449.412263717415,HR,7,4.697238268210231
635,,44978.37001840189,Finance,7,1.9215465575435577
636,18,43945.27305137005,Engineering,6,2.1569756112786727
637,43,35673.16130975971,Engineering,2,2.477416520357729
638,35,56353.98598390192,Sales,9,3.654970954501548
639,22,80937.87378864718,HR,8,1.472953569888562
640,22,33987.006286185904,HR,10,4.815780849975104
641,31,50363.29185009137,Marketing,2,4.462284880379058
642,51,71183.30833123144,HR,8,3.3088642920358007
643,32,48805.37913131427,Sales,6,3.696151469699827
644,19,,Marketing,7,1.066641884976864
645,32,34064.0970777968,Marketing,6,2.3557791013937948
646,32,56424.60645811473,Engineering,8,4.182640922645768
647,8,47192.83602493177,Engineering,6,1.3099318951695436
648,34,64785.94993519795,HR,3,2.129255336842881
649,32,67810.79077347126,Marketing,7,3.341187313337245
650,41,88843.45463027922,Engineering,6,2.0256521107957672
651,53,58694.497598203634,Sales,6,4.735911896578077
652,46,54886.944748732494,Engineering,-2,1.5242345232171615
653,32,52915.76452366004,Engineering,9,4.189577431631115
654,23,44702.505607839674,Marketing,6,3.031794767625633
655,60,55077.25765192536,Marketing,2,
656,35,45568.97884791456,Finance,9,2.2428613132457897
657,35,52526.91464404421,Sales,8,3.057958409248155
658,34,69763.9630341194,Marketing,6,4.427341398892706
659,36,34901.86152080538,HR,3,2.8675123964924176
660,33,67098.17841693568,Sales,,2.4388794476410784
661,29,69756.72601009798,Sales,7,3.1446215450109443
662,29,48228.97209513382,Marketing,9,3.8694510121454675
663,34,18172.17651487108,Sales,5,2.774253381994011
664,29,40882.670193583515,Marketing,10,4.755507900569092
665,27,69454.91819841664,Engineering,5,2.179783296169368
666,36,49656.97906551677,Finance,,2.9018544246764817
667,32,35010.466515576336,Engineering,3,4.027710637365766
668,50,42428.376181576736,Marketing,6,3.756484361983033
669,8,,Marketing,6,4.454564209668625
670,45,,Engineering,7,4.987236722724436
671,47,46416.01851245458,HR,6,2.7074333151803582
672,14,44497.63382277969,HR,9,1.4446035191332474
673,31,44123.62776434267,HR,6,1.121663523231872
674,31,36163.84723252246,Marketing,1,3.9075076245590865
675,20,74230.63534204163,Sales,6,4.496054685234863
676,27,45165.192961829904,Marketing,0,1.8828503437776747
677,23,68257.37781238244,Sales,7,1.6337921487596239
678,52,72819.74077883677,Engineering,10,1.248820366102764
679,44,64974.66347221941,Finance,4,4.2908116868688255
680,47,43525.695309229275,Sales,11,2.2455277595703373
681,42,56055.95135504914,HR,9,2.606787571039106
682,23,49637.06590413626,Marketing,,3.0110007664384493
683,29,36444.47208904808,Engineering,,4.357812936838203
684,,54865.389225824045,HR,4,3.6033328862459397
685,22,32314.40313260296,Engineering,9,3.460258519431245
686,42,,Finance,5,1.7026883998236428
687,32,43030.7405405241,Marketing,7,3.052759566839319
688,31,53017.39483809259,Marketing,6,3.861524068714621
689,42,54249.31807319213,Finance,10,4.8930435321219665
690,39,46116.42539443884,Marketing,9,1.805625236853409
691,31,58800.40702212912,Sales,6,
692,46,42876.44515066213,Engineering,1,1.301205734393879
693,24,63069.45946185866,HR,5,2.503409860727917
694,41,29810.304796298773,Finance,9,4.282178590983948
695,40,51895.693693196175,Sales,7,1.0285683270729802
696,31,79083.93498587428,HR,2,2.826922371543361
697,38,34995.03013091638,HR,1,2.316922461365578
698,22,398338.2544212723,Finance,7,
699,44,57708.617744883726,Sales,3,2.800945146690469
700,33,526937.2672909397,HR,4,2.0189948293468754
701,29,55259.45148910339,HR,9,2.407539337388026
702,45,57337.80695221495,Sales,10,
703,,59520.82202842655,Marketing,4,3.0862039356438684
704,20,66645.49762934334,HR,,1.4985897159712533
705,19,56147.279853927685,Engineering,6,4.845658161694557
706,41,46381.13518072186,Sales,6,3.5436430628389535
707,22,,HR,7,4.063473702650127
708,52,78498.22902342823,Finance,9,1.3168526000334833
709,14,48010.493804261394,Engineering,4,1.1882335178400756
710,51,35382.06042994038,HR,2,1.0777922014723247
711,,66606.2100393046,Engineering,12,1.7551761110937778
712,34,48194.282540696026,Engineering,10,2.6576335908739805
713,29,17409.95680978946,Marketing,3,4.743304533611291
714,,62711.325157256324,Engineering,7,2.828238637063105
715,34,41970.07721069116,Marketing,,
716,46,48642.00076543759,Sales,9,3.2477410140786533
717,36,54979.70495853522,Marketing,8,1.447738312539157
718,36,52857.495196685995,Finance,6,3.438023564019933
719,31,60641.77725708559,HR,12,3.2737278173220132
720,34,43467.70444145235,Sales,7,4.167972133622839
721,38,57696.58697264124,Sales,5,4.946750446468096
722,17,46106.79983624124,Finance,9,2.003493886864442
723,21,61082.157213312545,Marketing,7,3.0386258032150426
724,42,59230.5122601958,HR,8,4.635461625276014
725,36,35968.41946933107,Marketing,7,4.140759537691365
726,33,66289.73174262549,Engineering,8,2.9496252124032303
727,35,41960.54832328928,Marketing,4,4.781486598459111
728,38,62120.86697421718,Sales,2,1.2289467740672375
729,29,55509.30970102011,HR,,4.7239944788503365
730,27,77572.75515192683,Marketing,7,1.2020295695312262
731,36,46648.01026442222,HR,9,3.1892189764587373
732,25,44760.24805822704,HR,1,4.561763792004343
733,,49708.70591168401,Engineering,10,2.0508837742452113
734,17,45452.303257485866,Engineering,5,2.888993995780634
735,45,61999.12852913075,Sales,4,2.2973155165478665
736,39,25755.34087345118,Finance,6,4.808575668305405
737,37,34194.76371280469,HR,4,
738,44,33982.9561763121,Finance,6,3.8360060453055183
739,51,64254.61387960364,Sales,6,3.350507946460435
740,45,75659.20058872888,HR,10,4.2823671572965925
741,,48433.261721937924,HR,11,2.5690681660941883
742,22,47467.67415214984,Finance,11,2.7902074204242475
743,28,,Marketing,0,3.920006884323446
744,35,67428.17453912286,Engineering,,2.431019053174857
745,40,36089.70298714139,Marketing,0,1.2556037681934953
746,27,53575.53474102178,Finance,3,1.2973384355442859
747,36,64627.96444673645,Engineering,5,1.4614512052228155
748,27,57516.41254909768,Marketing,8,4.4787252933746515
749,28,52843.724248981154,Engineering,5,2.8889057030248173
750,20,65015.69138850712,HR,5,3.851529477378946
751,25,9451.515605011446,Marketing,7,2.571637342419573
752,21,60168.12979296361,Engineering,1,2.034843789662538
753,25,,Engineering,4,2.3887686702488478
754,,22540.506547153145,Engineering,5,4.176729381268734
755,25,57668.03899287471,Marketing,6,3.500864500125753
756,61,70604.87817744436,Sales,7,4.750559119831609
757,39,47938.27228058462,Marketing,11,3.718819114307336
758,36,64293.118208044085,Finance,9,3.2807265270187758
759,26,74184.17386982968,Marketing,4,3.440784035943338
760,42,69723.7168037607,Engineering,6,4.7694857578736585
761,29,74599.46794057089,HR,6,4.152803719466824
762,36,61131.91236607838,Marketing,5,1.0961649494657513
763,60,51131.50458352389,Marketing,7,3.136558784542789
764,84,25970.512821542474,Engineering,1,3.7533536461862593
765,46,46309.062678050774,HR,,3.99479391375662
766,27,37351.30107025713,HR,12,1.8525684772557467
767,34,82564.1407624672,Finance,6,4.4687094178054085
768,52,47361.712813514954,Marketing,6,4.823372588700655
769,28,51848.072101767284,HR,7,1.946861223379479
770,53,58272.280640607016,HR,,4.530461830068983
771,42,50654.03669558681,Sales,6,1.3879150500643815
772,,75425.7656064613,Sales,9,1.2228273444609807
773,41,40660.25957398322,HR,8,1.5168952004109975
774,44,52919.11182855864,Finance,14,1.230964317868144
775,41,38862.94121452927,HR,6,4.380048948623104
776,19,30199.662331689415,Engineering,1,1.2362005778330878
777,27,40823.46363642072,Marketing,2,2.086656765454622
778,32,49444.44804427382,Finance,7,1.4150253741434256
779,34,43560.4666322411,Engineering,10,2.18168814525506
780,41,39613.68530189216,Finance,5,1.362237870403682
781,36,28905.23804492249,Engineering,6,3.672013002972056
782,21,48753.41641056958,Marketing,9,1.5333072653703006
783,38,27429.194389534965,Marketing,4,4.407383703355551
784,41,61400.83945534404,Sales,5,4.2687642029065636
785,40,51236.59629401755,Engineering,3,1.0546467418824377
786,45,28136.72750802604,Sales,10,
787,43,45361.863844252046,Engineering,11,1.1157772669734682
788,39,38717.65391614125,Sales,2,1.9585831398302265
789,34,54787.61765628771,Marketing,6,1.1295565511039802
790,18,70106.75669034716,Finance,11,2.343373948157264
791,39,21872.41295531383,Sales,8,3.0554661028530865
792,37,51725.39118721126,Engineering,5,4.186579476060553
793,37,47598.00806650039,Engineering,2,2.3519262018793445
794,22,60070.101146756984,Marketing,10,3.821960098692467
795,24,,Engineering,8,
796,45,38720.460023917716,HR,2,4.002393826976506
797,34,45214.19096500073,Finance,10,1.9439864236369502
798,41,380596.1214794766,Sales,,1.5741790237750717
799,35,66140.10707897898,Finance,6,1.7416354014962172
800,35,50319.67473007913,Marketing,6,1.7282525155274215
801,44,78517.86028629511,Sales,11,
802,29,490900.87792780687,Sales,6,4.379190324752584
803,35,39373.898496343056,HR,6,1.3184203079700225
804,30,27294.28411080759,Marketing,2,3.8278252739736907
805,30,22952.904856160825,Engineering,5,3.6173858386114306
806,31,,HR,4,4.49007980731745
807,37,54006.89976517225,HR,4,1.976590242027629
808,30,57630.87534844901,Finance,7,2.8004394347401185
809,47,26282.139469518,Finance,0,4.70330949777407
810,26,63425.57471114173,Finance,2,3.6399738005412687
811,33,42754.08422474841,HR,6,2.5550736514463877
812,30,52201.89517978324,Engineering,7,1.5256495314210738
813,49,74183.30942383136,Sales,6,2.049940031602364
814,36,63452.58973798298,Finance,6,3.324861909957533
815,45,45972.04028141251,Engineering,5,3.872671790242055
816,20,36632.11661877069,Marketing,6,1.497687547407574
817,37,17722.768980060428,Finance,8,3.398389040176216
818,43,39212.7002113637,Sales,8,3.201405115355004
819,35,46833.046417584585,Marketing,4,3.055821786762832
820,45,35192.30709273224,Marketing,9,3.760492470728032
821,29,48031.145493615426,Sales,,4.349798380333848
822,49,51152.77824438152,Finance,10,2.2919587327074735
823,57,46627.16027287882,HR,11,
824,31,40249.961287648104,Sales,2,1.6425344504742028
825,30,52529.82007950092,Sales,4,1.6920954790046574
826,49,56629.109743541136,Sales,9,2.0670882544956957
827,50,33644.01383835731,Marketing,2,1.4781234781883112
828,29,71163.98569619405,Engineering,11,1.9212768987315103
829,30,48521.17801573608,HR,5,1.4256470516113784
830,32,50282.744344172716,Finance,,4.287009667941561
831,21,60623.21634884836,Finance,6,1.5558759675464984
832,25,53498.24196895253,Engineering,2,3.9891902302394273
833,24,64297.04950869868,Sales,10,1.191655471653335
834,27,54306.86247802736,HR,15,4.7940813100556605
835,34,40813.43938039343,Finance,5,3.8446403501110646
836,37,55422.55287809153,Finance,6,1.0271861943444471
837,50,32844.10689019007,Sales,0,4.055426000800856
838,25,51628.39558664785,Engineering,11,3.0563276830647412
839,44,49501.550140333085,HR,9,4.117460681340479
840,32,46878.2471409119,Engineering,1,3.089987235562354
841,34,48071.93732841604,Engineering,0,3.5640994305414186
842,41,21772.264317535413,HR,,4.145326621580162
843,23,41769.12638388558,HR,8,2.620432218351427
844,38,51392.673517116724,Finance,,1.0108325992818084
845,36,52397.84587996101,Finance,4,4.399785983780754
846,39,34584.87288611063,HR,8,2.5235614504986503
847,,68985.61761297051,Marketing,7,2.9841709040663322
848,59,37007.377276782485,Finance,5,1.0310665686158749
849,,64541.85800790105,Marketing,,2.968368041400392
850,29,56407.91542807527,HR,3,4.945949606286918
851,28,,Finance,10,2.1130706432750785
852,29,766296.6338914267,Engineering,4,2.5816730809695123
853,28,32095.447523652798,HR,12,3.7487599858747065
854,46,,Sales,3,4.259174670094635
855,49,65008.734770644674,Marketing,5,2.669566496024401
856,29,39940.69686385033,HR,7,2.23867548160517
857,26,,HR,7,
858,39,46249.302281015705,Finance,8,3.708579866686677
859,29,,Finance,3,1.4760852179725643
860,41,53904.82758156831,Finance,6,1.2757115125385945
861,37,47985.368877941786,Sales,7,2.934199403161476
862,19,62162.124097396736,Finance,5,
863,50,61902.33080828319,HR,8,2.015939013505014
864,52,23772.02040142729,Finance,2,4.510768715311393
865,28,69565.10364317229,Engineering,6,1.3582640972652427
866,31,25062.620179464884,Finance,4,3.8614564609155586
867,37,65488.19306512486,Sales,6,2.0845690135223522
868,38,66900.57705241375,Engineering,11,4.04131288561655
869,41,33635.50354677203,HR,11,3.8896455378541783
870,55,43837.78568068123,HR,10,1.029567605777172
871,33,33414.42997271096,Marketing,5,3.0365416516863966
872,77,46776.18454566897,Engineering,9,1.5572779295121855
873,21,45379.48573721388,Marketing,7,4.464908122314707
874,27,61694.907984040095,Engineering,7,4.486343531449626
875,34,69654.63119179412,Engineering,,2.673383229975032
876,52,70935.25716184934,Sales,12,2.777582473804322
877,29,41567.47960132547,Marketing,11,2.2131317576181084
878,37,46861.671893832085,Sales,9,3.866425195840124
879,34,24748.427116685747,Engineering,6,2.4346454521058365
880,46,37911.94900255717,HR,7,2.071169898090535
881,60,64472.77449646186,Engineering,8,2.728924238018033
882,,74233.74235322347,Sales,5,1.3659500735498349
883,30,31484.76692180117,Marketing,9,3.9864128185768153
884,45,41113.036112706584,Marketing,4,1.0503856050871478
885,41,49603.91364561609,Sales,8,3.5779402460823757
886,53,54202.4173822941,Marketing,,1.7314581070194897
887,40,37855.94720117531,Finance,5,1.9296161848576525
888,31,56360.915666961344,HR,13,3.5425279945601598
889,40,42892.409793936255,HR,10,
890,46,49783.215936825814,HR,11,4.110869956290203
891,43,58194.26372005549,Marketing,,
892,40,50096.33404716407,Marketing,7,1.7040990201645352
893,45,43454.21164210147,Engineering,10,4.464931481070682
894,46,48355.852941112535,Engineering,8,2.776735791686017
895,48,48674.55561191997,HR,8,1.5482112113126218
896,41,44449.83455176809,Finance,11,4.448845693287753
897,33,46118.059059993466,Engineering,3,4.264369411657046
898,36,73979.70755757076,Engineering,6,4.935625455588655
899,47,584137.9171911859,Marketing,1,4.638974746850735
900,26,45567.795229562595,Finance,3,4.407161354642167
901,38,60454.316067661035,HR,10,1.2102975912440126
902,31,44992.70765365985,Engineering,4,1.417661477992472
903,35,67596.86956379961,Finance,9,3.2759327772164912
904,47,55544.63288297141,Finance,11,3.1259169851272834
905,36,48390.467839936566,HR,6,2.831852857958142
906,35,56715.75388715416,Finance,8,2.587157301658337
907,21,26436.85771897251,Finance,9,2.7248419394573156
908,42,33098.48796635292,Finance,3,3.277191736539181
909,41,32091.12490401417,Engineering,5,1.0083060704003248
910,56,52144.1464214556,HR,3,2.042835096531409
911,31,75987.72499227637,Finance,5,3.0731188827548443
912,37,83469.50219288949,Finance,9,3.888864394694585
913,37,59570.76652161136,Engineering,5,1.6966267695815853
914,50,57512.66712416685,HR,6,3.187524695149732
915,34,22984.133987708916,Marketing,3,3.857838735543127
916,37,41859.89300398967,Engineering,10,2.7785106316556187
917,41,381832.4372137642,HR,5,1.1083245346802042
918,36,40687.28602623326,Finance,11,2.797072633862547
919,30,47477.84272122815,HR,7,2.1857795509766125
920,36,42918.64133454309,HR,2,4.718598430805313
921,45,203105.02844363186,HR,6,1.4984535427133094
922,24,61218.65384176301,Marketing,3,3.6099038220289286
923,36,33908.854613902906,HR,8,1.2108790653380046
924,27,53588.702961667244,Marketing,6,
925,46,81111.2400462496,Finance,7,3.2159179488803225
926,19,36209.23112620365,Marketing,5,2.191819725267462
927,29,12045.687158805056,Finance,5,2.8203025420815377
928,38,,Finance,4,1.6542151781207495
929,50,66514.39452497856,Marketing,9,2.2164953978721447
930,34,79375.21181330891,Engineering,6,3.484425299640812
931,29,31556.756083213746,Sales,6,2.2072002234446204
932,53,57450.48834854783,HR,6,4.598972313635487
933,20,43020.3431482992,Sales,4,3.513627830563959
934,13,48410.774685437966,HR,6,2.754596073743938
935,39,89665.15020525552,HR,7,1.1550277422167299
936,29,27455.4450740727,Finance,,2.998193340818685
937,24,53806.094922418604,HR,4,4.059104968500357
938,,57015.3975764815,HR,11,2.0622303920496545
939,37,,Marketing,5,4.22709427859507
940,29,51469.747302063435,Sales,5,2.007227064203526
941,22,54620.75809256153,Marketing,2,4.294985551803202
942,,44125.271488673134,HR,9,1.3410733664467096
943,41,54036.90411867661,Finance,3,
944,34,44852.11586753884,Marketing,6,2.996745803733322
945,53,59323.57834784076,Marketing,1,2.186150358481048
946,24,44455.84495934549,Engineering,9,2.060453001660595
947,,55656.505908532796,HR,10,2.7280422357214507
948,28,49561.057794725326,Finance,8,4.996197992414579
949,34,66890.75376158251,Marketing,2,1.8813095737503303
950,37,49229.094146172705,Marketing,9,1.4128665955159985
951,32,23404.512976896778,Finance,4,3.3401406748746476
952,38,68928.82251070987,HR,3,2.9541698657610285
953,22,36414.015487060715,Engineering,5,3.0967850842532294
954,49,40193.504920267704,Marketing,5,3.6677416702288683
955,34,41065.08058934762,Engineering,5,2.0685762794825973
956,46,,Sales,10,4.642659981535553
957,38,17964.886790319568,HR,13,2.7426882644891615
958,89,97066.22800489991,Sales,2,1.5163447805698471
959,40,65840.85213599078,Sales,4,3.969195026935777
960,89,533485.837119374,Sales,7,3.572417410471401
961,41,49176.5899907557,HR,5,2.2629736099361484
962,48,54283.311122864856,HR,8,3.486074896136194
963,36,57816.836425690075,Finance,9,
964,42,59678.23378925085,Engineering,9,2.779357437362118
965,,58334.066990051724,Engineering,8,4.597650088669301
966,49,51343.71021882873,Finance,11,1.5341369326429977
967,28,47039.923695390105,Finance,2,2.546785799949848
968,53,,Sales,11,4.2845696988813895
969,34,47076.375794709784,Finance,5,4.877963597624713
970,20,67006.55145300596,Marketing,9,2.8157045456871836
971,36,58903.35083421293,Engineering,3,3.0279984805733897
972,28,5894.170480035798,Finance,4,3.288687847135079
973,43,59838.51164794641,Marketing,8,4.729392566534843
974,28,52921.04292078162,Marketing,1,4.432827163908119
975,30,49719.36865331154,Marketing,9,1.6824044984865774
976,16,44172.22320366671,Marketing,10,2.7470312713883
977,30,66861.6907997902,Sales,7,2.856001712785705
978,10,64212.89693184287,Marketing,7,4.156384446595027
979,19,38406.834982645865,Sales,4,3.411571530421741
980,42,56105.78430686802,Sales,9,3.616881848116052
981,42,35425.14898188071,Marketing,,4.9927996306624705
982,39,29305.727528166044,Engineering,4,1.2998401738800522
983,25,40599.24163115052,Marketing,5,1.892039294134932
984,34,62935.902085741385,Marketing,6,2.6315837494861873
985,34,64296.8756806413,Marketing,5,2.3911296121955488
986,23,57696.28130145939,Engineering,,1.0865822453879344
987,50,60876.43680271995,HR,9,1.3671104258847033
988,43,57742.67430672437,HR,6,3.7238131656143048
989,32,40377.77607165572,Sales,,4.517297853450243
990,35,56478.83817010911,Sales,5,3.0569080450639103
991,37,62006.14287841524,Engineering,8,3.156764318054532
992,14,61314.36994720361,Finance,7,2.0203737313295176
993,,67833.70057211965,HR,10,4.0715054545348455
994,28,60624.55770801596,Sales,8,
995,24,55271.72311312374,HR,,3.3534627568706266
996,32,66052.25357474641,Engineering,4,1.8506571460453713
997,52,,Engineering,9,1.3880728729483578
998,41,36771.88023158423,Finance,6,1.2569543034285036
999,29,47553.99554084354,Finance,6,3.370784266571511
1000,40,38826.46032790326,Engineering,6,
1001,58,101000.56,Marketing,8,
